"distance","rad"
135,0.0104481481481481
30,0.0365685185185185
15,0.0156722222222222
0,0.0104481481481481
120,0
105,0
90,0
75,0.0156722222222222
60,0.0522407407407407
45,0.0261203703703704
